"series","timestamp","value","label"
"Rise","2024-07-11T06:45:00Z",555,"discard"
"Set","2024-07-11T15:15:00Z",1065,""
"Rise","2024-07-12T04:30:00Z",420,"discard"
"Set","2024-07-12T14:45:00Z",1035,"discard"
"Rise","2024-07-13T03:30:00Z",360,""
"Set","2024-07-13T15:20:00Z",1070,""
"Rise","2024-07-14T03:40:00Z",370,""
"Set","2024-07-14T15:10:00Z",1060,""
"Rise","2024-07-15T03:20:00Z",350,""
"Set","2024-07-15T15:25:00Z",1075,""
"Rise","2024-07-16T03:35:00Z",365,""
"Set","2024-07-16T15:25:00Z",1075,""
"Rise","2024-07-17T03:10:00Z",340,""
"Set","2024-07-17T15:30:00Z",1080,""
"Rise","2024-07-18T03:15:00Z",345,""
"Set","2024-07-18T15:25:00Z",1075,""
"Rise","2024-07-19T03:45:00Z",375,""
"Set","2024-07-19T15:20:00Z",1070,""
"Rise","2024-07-20T03:15:00Z",345,""
"Set","2024-07-20T15:30:00Z",1080,""
"Rise","2024-07-21T03:40:00Z",370,""
"Set","2024-07-21T15:35:00Z",1085,""
"Rise","2024-07-22T03:35:00Z",365,""
"Set","2024-07-22T15:20:00Z",1070,""
"Rise","2024-07-23T03:25:00Z",355,""
"Set","2024-07-23T15:20:00Z",1070,""
"Rise","2024-07-24T03:40:00Z",370,""
"Set","2024-07-24T15:15:00Z",1065,""
"Rise","2024-07-25T03:15:00Z",345,""
"Set","2024-07-25T15:00:00Z",1050,""
"Rise","2024-07-26T03:45:00Z",375,""
"Set","2024-07-26T15:15:00Z",1065,""
"Rise","2024-07-27T03:30:00Z",360,""
"Set","2024-07-27T15:05:00Z",1055,""
"Rise","2024-07-28T03:50:00Z",380,""
"Set","2024-07-28T15:10:00Z",1060,""
"Rise","2024-07-29T03:30:00Z",360,""
"Set","2024-07-29T15:20:00Z",1070,""
"Rise","2024-07-30T03:40:00Z",370,""
"Set","2024-07-30T15:15:00Z",1065,""
"Rise","2024-07-31T03:50:00Z",380,""
"Set","2024-07-31T15:10:00Z",1060,""
"Rise","2024-08-01T03:30:00Z",360,""
"Set","2024-08-01T15:05:00Z",1055,""
"Rise","2024-08-02T03:40:00Z",370,""
"Set","2024-08-02T15:20:00Z",1070,""
"Rise","2024-08-03T03:30:00Z",360,""
"Set","2024-08-03T15:35:00Z",1085,""
"Rise","2024-08-04T03:40:00Z",370,""
"Set","2024-08-04T15:30:00Z",1080,""
"Rise","2024-08-05T03:40:00Z",370,""
"Set","2024-08-05T15:10:00Z",1060,""
"Rise","2024-08-06T03:25:00Z",355,""
"Set","2024-08-06T14:40:00Z",1030,"discard"
"Rise","2024-08-07T03:45:00Z",375,""
"Set","2024-08-07T15:40:00Z",1090,""
"Rise","2024-08-08T03:30:00Z",360,""
"Set","2024-08-08T15:25:00Z",1075,""
"Rise","2024-08-09T03:25:00Z",355,""
"Set","2024-08-09T15:25:00Z",1075,""
"Rise","2024-08-10T03:30:00Z",360,""
"Set","2024-08-10T15:30:00Z",1080,""
"Rise","2024-08-11T03:40:00Z",370,""
"Set","2024-08-11T14:35:00Z",1025,"discard"
"Rise","2024-08-12T03:10:00Z",340,""
"Set","2024-08-12T15:25:00Z",1075,""
"Rise","2024-08-13T03:25:00Z",355,""
"Set","2024-08-13T15:00:00Z",1050,""
"Rise","2024-08-14T03:10:00Z",340,""
"Set","2024-08-14T13:50:00Z",980,"discard"
"Rise","2024-08-15T03:10:00Z",340,""
"Set","2024-08-15T15:25:00Z",1075,""
"Rise","2024-08-16T03:25:00Z",355,""
"Set","2024-08-16T15:20:00Z",1070,""
"Rise","2024-08-17T03:40:00Z",370,""
"Set","2024-08-17T15:10:00Z",1060,""
"Rise","2024-08-18T03:15:00Z",345,""
"Set","2024-08-18T15:35:00Z",1085,""
"Rise","2024-08-19T03:35:00Z",365,""
"Set","2024-08-19T15:20:00Z",1070,""
"Rise","2024-08-20T03:40:00Z",370,""
"Set","2024-08-20T15:15:00Z",1065,""
"Rise","2024-08-21T03:15:00Z",345,""
"Set","2024-08-21T15:10:00Z",1060,""
"Rise","2024-08-22T03:35:00Z",365,""
"Set","2024-08-22T15:25:00Z",1075,""
"Rise","2024-08-23T03:25:00Z",355,""
"Set","2024-08-23T15:20:00Z",1070,""
"Rise","2024-08-24T03:25:00Z",355,""
"Set","2024-08-24T15:35:00Z",1085,""
"Rise","2024-08-25T03:25:00Z",355,""
"Set","2024-08-25T15:15:00Z",1065,""
"Rise","2024-08-26T03:55:00Z",385,"discard"
"Set","2024-08-26T15:35:00Z",1085,""
"Rise","2024-08-27T03:25:00Z",355,""
"Set","2024-08-27T15:30:00Z",1080,""
"Rise","2024-08-28T03:30:00Z",360,""
"Set","2024-08-28T15:35:00Z",1085,""
"Rise","2024-08-29T03:15:00Z",345,""
"Set","2024-08-29T15:20:00Z",1070,""
"Rise","2024-08-30T03:30:00Z",360,""
"Set","2024-08-30T15:25:00Z",1075,""
"Rise","2024-08-31T03:30:00Z",360,""
"Set","2024-08-31T15:20:00Z",1070,""
"Rise","2024-09-01T03:25:00Z",355,""
"Set","2024-09-01T15:20:00Z",1070,""
"Rise","2024-09-02T03:25:00Z",355,""
"Set","2024-09-02T15:15:00Z",1065,""
"Rise","2024-09-03T03:20:00Z",350,""
"Set","2024-09-03T15:10:00Z",1060,""
"Rise","2024-09-04T03:25:00Z",355,""
"Set","2024-09-04T15:20:00Z",1070,""
"Rise","2024-09-05T03:20:00Z",350,""
"Set","2024-09-05T15:20:00Z",1070,""
"Rise","2024-09-06T03:10:00Z",340,""
"Set","2024-09-06T15:25:00Z",1075,""
"Rise","2024-09-07T03:20:00Z",350,""
"Set","2024-09-07T15:20:00Z",1070,""
"Rise","2024-09-08T03:25:00Z",355,""
"Set","2024-09-08T15:30:00Z",1080,""
"Rise","2024-09-09T03:15:00Z",345,""
"Set","2024-09-09T15:20:00Z",1070,""
"Rise","2024-09-10T03:35:00Z",365,""
"Set","2024-09-10T15:35:00Z",1085,""
"Rise","2024-09-11T03:15:00Z",345,""
"Set","2024-09-11T15:00:00Z",1050,""
"Rise","2024-09-12T03:25:00Z",355,""
"Set","2024-09-12T15:05:00Z",1055,""
"Rise","2024-09-13T03:05:00Z",335,""
"Set","2024-09-13T15:20:00Z",1070,""
"Rise","2024-09-14T03:20:00Z",350,""
"Set","2024-09-14T15:05:00Z",1055,""
"Rise","2024-09-15T03:20:00Z",350,""
"Set","2024-09-15T14:55:00Z",1045,""
"Rise","2024-09-16T03:20:00Z",350,""
"Set","2024-09-16T15:20:00Z",1070,""
"Rise","2024-09-17T03:25:00Z",355,""
"Set","2024-09-17T15:20:00Z",1070,""
"Rise","2024-09-18T03:15:00Z",345,""
"Set","2024-09-18T15:20:00Z",1070,""
"Rise","2024-09-19T03:15:00Z",345,""
"Set","2024-09-19T14:55:00Z",1045,""
"Rise","2024-09-20T03:10:00Z",340,""
"Set","2024-09-20T15:05:00Z",1055,""
"Rise","2024-09-21T03:40:00Z",370,""
"Set","2024-09-21T15:05:00Z",1055,""
"Rise","2024-09-22T03:25:00Z",355,""
"Set","2024-09-22T15:05:00Z",1055,""
"Rise","2024-09-23T03:25:00Z",355,""
"Set","2024-09-23T15:15:00Z",1065,""
"Rise","2024-09-24T03:20:00Z",350,""
"Set","2024-09-24T15:10:00Z",1060,""
"Rise","2024-09-25T03:10:00Z",340,""
"Set","2024-09-25T15:00:00Z",1050,""
"Rise","2024-09-26T03:15:00Z",345,""
"Set","2024-09-26T15:05:00Z",1055,""
"Rise","2024-09-27T03:05:00Z",335,""
"Set","2024-09-27T15:25:00Z",1075,""
"Rise","2024-09-28T03:10:00Z",340,""
"Set","2024-09-28T15:05:00Z",1055,""
"Rise","2024-09-29T03:15:00Z",345,""
"Set","2024-09-29T15:10:00Z",1060,""
"Rise","2024-09-30T03:25:00Z",355,""
"Set","2024-09-30T15:15:00Z",1065,""
"Rise","2024-10-01T03:15:00Z",345,""
"Set","2024-10-01T15:05:00Z",1055,""
"Rise","2024-10-02T03:00:00Z",330,""
"Set","2024-10-02T15:05:00Z",1055,""
"Rise","2024-10-03T03:05:00Z",335,""
"Set","2024-10-03T15:15:00Z",1065,""
"Rise","2024-10-04T03:05:00Z",335,""
"Set","2024-10-04T15:25:00Z",1075,""
"Rise","2024-10-05T03:10:00Z",340,""
"Set","2024-10-05T14:50:00Z",1040,""
"Rise","2024-10-06T03:25:00Z",355,""
"Set","2024-10-06T15:15:00Z",1065,""
"Rise","2024-10-07T03:15:00Z",345,""
"Set","2024-10-07T15:15:00Z",1065,""
"Rise","2024-10-08T03:15:00Z",345,""
"Set","2024-10-08T15:20:00Z",1070,""
"Rise","2024-10-09T03:05:00Z",335,""
"Set","2024-10-09T15:15:00Z",1065,""
"Rise","2024-10-10T02:55:00Z",325,""
"Set","2024-10-10T15:15:00Z",1065,""
"Rise","2024-10-11T03:05:00Z",335,""
"Set","2024-10-11T14:55:00Z",1045,""
"Rise","2024-10-12T03:40:00Z",370,"discard"
"Set","2024-10-12T13:20:00Z",950,"discard"
"Rise","2024-10-13T04:00:00Z",390,"discard"
"Set","2024-10-13T15:05:00Z",1055,""
"Rise","2024-10-14T02:55:00Z",325,""
"Set","2024-10-14T15:15:00Z",1065,""
"Rise","2024-10-15T02:55:00Z",325,""
"Set","2024-10-15T15:15:00Z",1065,""
"Rise","2024-10-16T03:05:00Z",335,""
"Set","2024-10-16T15:00:00Z",1050,""
"Rise","2024-10-17T03:00:00Z",330,""
"Set","2024-10-17T15:15:00Z",1065,""
"Rise","2024-10-18T03:15:00Z",345,""
"Set","2024-10-18T15:20:00Z",1070,""
"Rise","2024-10-19T02:55:00Z",325,""
"Set","2024-10-19T15:10:00Z",1060,""
"Rise","2024-10-20T03:00:00Z",330,""
"Set","2024-10-20T15:30:00Z",1080,""
"Rise","2024-10-21T02:55:00Z",325,""
"Set","2024-10-21T15:15:00Z",1065,""
"Rise","2024-10-22T03:00:00Z",330,""
"Set","2024-10-22T15:25:00Z",1075,""
"Rise","2024-10-23T03:10:00Z",340,""
"Set","2024-10-23T15:20:00Z",1070,""
"Rise","2024-10-24T03:15:00Z",345,""
"Set","2024-10-24T15:20:00Z",1070,""
"Rise","2024-10-25T02:55:00Z",325,""
"Set","2024-10-25T15:25:00Z",1075,""
"Rise","2024-10-26T03:10:00Z",340,""
"Set","2024-10-26T15:25:00Z",1075,""
"Rise","2024-10-27T02:40:00Z",310,""
"Set","2024-10-27T15:20:00Z",1070,""
"Rise","2024-10-28T02:55:00Z",325,""
"Set","2024-10-28T15:20:00Z",1070,""
"Rise","2024-10-29T03:00:00Z",330,""
"Set","2024-10-29T15:15:00Z",1065,""
"Rise","2024-10-30T03:05:00Z",335,""
"Set","2024-10-30T15:20:00Z",1070,""
"Rise","2024-10-31T02:50:00Z",320,""
"Set","2024-10-31T15:15:00Z",1065,""
"Rise","2024-11-01T03:00:00Z",330,""
"Set","2024-11-01T15:25:00Z",1075,""
"Rise","2024-11-02T03:00:00Z",330,""
"Set","2024-11-02T15:15:00Z",1065,""
"Rise","2024-11-03T02:55:00Z",325,""
"Set","2024-11-03T15:20:00Z",1070,""
"Rise","2024-11-04T02:50:00Z",320,""
"Set","2024-11-04T15:15:00Z",1065,""
"Rise","2024-11-05T03:15:00Z",345,"discard"
"Set","2024-11-05T15:25:00Z",1075,""
"Rise","2024-11-06T03:05:00Z",335,""
"Set","2024-11-06T15:15:00Z",1065,""
"Rise","2024-11-07T02:50:00Z",320,""
"Set","2024-11-07T15:20:00Z",1070,""
"Rise","2024-11-08T03:00:00Z",330,""
"Set","2024-11-08T15:15:00Z",1065,""
"Rise","2024-11-09T02:45:00Z",315,""
"Set","2024-11-09T15:20:00Z",1070,""
"Rise","2024-11-10T03:00:00Z",330,""
"Set","2024-11-10T15:10:00Z",1060,""
"Rise","2024-11-11T03:00:00Z",330,""
"Set","2024-11-11T15:05:00Z",1055,""
"Rise","2024-11-12T01:45:00Z",255,"discard"
"Set","2024-11-12T15:15:00Z",1065,""
"Rise","2024-11-13T02:40:00Z",310,""
"Set","2024-11-13T15:15:00Z",1065,""
"Rise","2024-11-14T02:55:00Z",325,""
"Set","2024-11-14T15:10:00Z",1060,""
"Rise","2024-11-15T03:25:00Z",355,"discard"
"Set","2024-11-15T15:10:00Z",1060,""
"Rise","2024-11-16T03:00:00Z",330,""
"Set","2024-11-16T15:20:00Z",1070,""
"Rise","2024-11-17T02:55:00Z",325,""
"Set","2024-11-17T15:20:00Z",1070,""
"Rise","2024-11-18T02:50:00Z",320,""
"Set","2024-11-18T15:10:00Z",1060,""
"Rise","2024-11-19T02:50:00Z",320,""
"Set","2024-11-19T15:10:00Z",1060,""
"Rise","2024-11-20T02:50:00Z",320,""
"Set","2024-11-20T15:05:00Z",1055,""
"Rise","2024-11-21T02:35:00Z",305,""
"Set","2024-11-21T15:20:00Z",1070,""
"Rise","2024-11-22T03:55:00Z",385,"discard"
"Set","2024-11-22T15:20:00Z",1070,""
"Rise","2024-11-23T04:00:00Z",390,"discard"
"Set","2024-11-23T15:20:00Z",1070,""
"Rise","2024-11-24T03:05:00Z",335,""
"Set","2024-11-24T15:05:00Z",1055,""
"Rise","2024-11-25T03:10:00Z",340,""
"Set","2024-11-25T15:15:00Z",1065,""
"Rise","2024-11-26T02:45:00Z",315,""
"Set","2024-11-26T15:15:00Z",1065,""
"Rise","2024-11-27T02:55:00Z",325,""
"Set","2024-11-27T15:15:00Z",1065,""
"Rise","2024-11-28T02:50:00Z",320,""
"Set","2024-11-28T15:15:00Z",1065,""
"Rise","2024-11-29T02:55:00Z",325,""
"Set","2024-11-29T15:15:00Z",1065,""
"Rise","2024-11-30T03:05:00Z",335,""
"Set","2024-11-30T14:55:00Z",1045,"discard"
"Rise","2024-12-01T03:30:00Z",360,"discard"
"Set","2024-12-01T14:55:00Z",1045,"discard"
"Rise","2024-12-02T03:10:00Z",340,""
"Set","2024-12-02T14:55:00Z",1045,"discard"
"Rise","2024-12-03T02:55:00Z",325,""
"Set","2024-12-03T14:45:00Z",1035,"discard"
"Rise","2024-12-04T05:00:00Z",450,"discard"
"Set","2024-12-04T15:45:00Z",1095,""
"Rise","2024-12-05T03:00:00Z",330,""
"Set","2024-12-05T15:45:00Z",1095,""
"Rise","2024-12-06T03:30:00Z",360,"discard"
"Set","2024-12-06T14:40:00Z",1030,"discard"
"Rise","2024-12-07T03:30:00Z",360,"discard"
"Set","2024-12-07T15:40:00Z",1090,""
"Rise","2024-12-08T03:55:00Z",385,"discard"
"Set","2024-12-08T15:55:00Z",1105,""
"Rise","2024-12-09T02:50:00Z",320,""
"Set","2024-12-09T16:00:00Z",1110,""
"Rise","2024-12-10T02:50:00Z",320,""
"Set","2024-12-10T15:55:00Z",1105,""
"Rise","2024-12-11T03:05:00Z",335,""
"Set","2024-12-11T15:55:00Z",1105,""
"Rise","2024-12-12T03:00:00Z",330,""
"Set","2024-12-12T16:00:00Z",1110,""
"Rise","2024-12-13T02:55:00Z",325,""
"Set","2024-12-13T16:05:00Z",1115,""
"Rise","2024-12-14T03:15:00Z",345,""
"Set","2024-12-14T16:00:00Z",1110,""
"Rise","2024-12-15T05:45:00Z",495,"discard"
"Set","2024-12-15T16:00:00Z",1110,""
"Rise","2024-12-16T03:00:00Z",330,""
"Set","2024-12-16T16:00:00Z",1110,""
"Rise","2024-12-17T02:55:00Z",325,""
"Set","2024-12-17T16:05:00Z",1115,""
"Rise","2024-12-18T02:55:00Z",325,""
"Set","2024-12-18T16:10:00Z",1120,""
"Rise","2024-12-19T02:50:00Z",320,""
"Set","2024-12-19T16:15:00Z",1125,""
"Rise","2024-12-20T02:55:00Z",325,""
"Set","2024-12-20T16:10:00Z",1120,""
"Rise","2024-12-21T02:55:00Z",325,""
"Set","2024-12-21T16:10:00Z",1120,""
"Rise","2024-12-22T02:55:00Z",325,""
"Set","2024-12-22T16:15:00Z",1125,""
"Rise","2024-12-23T03:00:00Z",330,""
"Set","2024-12-23T16:15:00Z",1125,""
"Rise","2024-12-24T03:05:00Z",335,""
"Set","2024-12-24T16:10:00Z",1120,""
"Rise","2024-12-25T03:00:00Z",330,""
"Set","2024-12-25T16:15:00Z",1125,""
"Rise","2024-12-26T03:10:00Z",340,""
"Set","2024-12-26T16:15:00Z",1125,""
"Rise","2024-12-27T02:55:00Z",325,""
"Set","2024-12-27T16:15:00Z",1125,""
"Rise","2024-12-28T03:00:00Z",330,""
"Set","2024-12-28T16:15:00Z",1125,""
"Rise","2024-12-29T03:00:00Z",330,""
"Set","2024-12-29T16:00:00Z",1110,""
"Rise","2024-12-30T03:00:00Z",330,""
"Set","2024-12-30T12:55:00Z",925,"discard"
"Rise","2024-12-31T03:00:00Z",330,""
"Set","2024-12-31T16:00:00Z",1110,""
"Rise","2025-01-01T03:00:00Z",330,""
"Set","2025-01-01T15:55:00Z",1105,"discard"
"Rise","2025-01-02T03:00:00Z",330,""
"Set","2025-01-02T16:00:00Z",1110,""
"Rise","2025-01-03T03:00:00Z",330,""
"Set","2025-01-03T16:05:00Z",1115,""
"Rise","2025-01-04T02:50:00Z",320,""
"Set","2025-01-04T16:05:00Z",1115,""
"Rise","2025-01-05T02:50:00Z",320,""
"Set","2025-01-05T15:50:00Z",1100,"discard"
"Rise","2025-01-06T02:55:00Z",325,""
"Set","2025-01-06T15:55:00Z",1105,"discard"
"Rise","2025-01-07T02:55:00Z",325,""
"Set","2025-01-07T16:00:00Z",1110,""
"Rise","2025-01-08T02:55:00Z",325,""
"Set","2025-01-08T14:35:00Z",1025,"discard"
"Rise","2025-01-09T03:15:00Z",345,""
"Set","2025-01-09T16:15:00Z",1125,""
"Rise","2025-01-10T02:55:00Z",325,""
"Set","2025-01-10T15:35:00Z",1085,"discard"
"Rise","2025-01-11T02:45:00Z",315,""
"Set","2025-01-11T16:10:00Z",1120,""
"Rise","2025-01-12T03:10:00Z",340,""
"Set","2025-01-12T16:00:00Z",1110,""
"Rise","2025-01-13T03:15:00Z",345,""
"Set","2025-01-13T16:00:00Z",1110,""
"Rise","2025-01-14T03:40:00Z",370,"discard"
"Set","2025-01-14T16:05:00Z",1115,""
"Rise","2025-01-15T03:15:00Z",345,""
"Set","2025-01-15T16:10:00Z",1120,""
"Rise","2025-01-16T02:55:00Z",325,""
"Set","2025-01-16T16:05:00Z",1115,""
"Rise","2025-01-17T03:00:00Z",330,""
"Set","2025-01-17T16:15:00Z",1125,""
"Rise","2025-01-18T03:00:00Z",330,""
"Set","2025-01-18T16:10:00Z",1120,""
"Rise","2025-01-19T03:05:00Z",335,""
"Set","2025-01-19T16:10:00Z",1120,""
"Rise","2025-01-20T03:00:00Z",330,""
"Set","2025-01-20T16:10:00Z",1120,""
"Rise","2025-01-21T03:00:00Z",330,""
"Set","2025-01-21T15:15:00Z",1065,"discard"
"Rise","2025-01-22T02:35:00Z",305,"discard"
"Set","2025-01-22T07:10:00Z",580,"discard"
"Rise","2025-01-23T04:00:00Z",390,"discard"
"Set","2025-01-23T16:15:00Z",1125,""
"Rise","2025-01-24T03:00:00Z",330,""
"Set","2025-01-24T14:25:00Z",1015,"discard"
"Rise","2025-01-25T03:10:00Z",340,""
"Set","2025-01-25T15:55:00Z",1105,"discard"
"Rise","2025-01-26T02:55:00Z",325,""
"Set","2025-01-26T15:55:00Z",1105,"discard"
"Rise","2025-01-27T04:40:00Z",430,"discard"
"Set","2025-01-27T16:45:00Z",1155,"discard"
"Rise","2025-01-28T03:00:00Z",330,""
"Set","2025-01-28T15:55:00Z",1105,"discard"
"Rise","2025-01-29T03:00:00Z",330,""
"Set","2025-01-29T14:20:00Z",1010,"discard"
"Rise","2025-01-30T02:50:00Z",320,""
"Set","2025-01-30T15:55:00Z",1105,"discard"
"Rise","2025-01-31T03:10:00Z",340,""
"Set","2025-01-31T15:50:00Z",1100,"discard"
"Rise","2025-02-01T03:00:00Z",330,""
"Set","2025-02-01T15:55:00Z",1105,"discard"
"Rise","2025-02-02T05:40:00Z",490,"discard"
"Set","2025-02-02T15:50:00Z",1100,"discard"
"Rise","2025-02-03T04:35:00Z",425,"discard"
"Set","2025-02-03T13:40:00Z",970,"discard"
"Rise","2025-02-04T03:30:00Z",360,""
"Set","2025-02-04T15:05:00Z",1055,"discard"
"Rise","2025-02-05T03:15:00Z",345,""
"Set","2025-02-05T13:15:00Z",945,"discard"
"Rise","2025-02-06T06:25:00Z",535,"discard"
"Set","2025-02-06T17:30:00Z",1200,"discard"
"Rise","2025-02-07T03:20:00Z",350,""
"Set","2025-02-07T16:05:00Z",1115,""
"Rise","2025-02-08T03:25:00Z",355,""
"Set","2025-02-08T16:20:00Z",1130,""
"Rise","2025-02-09T03:30:00Z",360,""
"Set","2025-02-09T15:45:00Z",1095,"discard"
"Rise","2025-02-10T03:50:00Z",380,""
"Set","2025-02-10T15:35:00Z",1085,"discard"
"Rise","2025-02-11T03:15:00Z",345,""
"Set","2025-02-11T16:20:00Z",1130,""
"Rise","2025-02-12T03:25:00Z",355,""
"Set","2025-02-12T15:30:00Z",1080,"discard"
"Rise","2025-02-13T03:45:00Z",375,""
"Set","2025-02-13T16:15:00Z",1125,""
"Rise","2025-02-14T03:25:00Z",355,""
"Set","2025-02-14T14:50:00Z",1040,"discard"
"Rise","2025-02-15T03:35:00Z",365,""
"Set","2025-02-15T16:15:00Z",1125,""
"Rise","2025-02-16T03:20:00Z",350,""
"Set","2025-02-16T16:10:00Z",1120,""
"Rise","2025-02-17T03:35:00Z",365,""
"Set","2025-02-17T16:15:00Z",1125,""
"Rise","2025-02-18T03:20:00Z",350,""
"Set","2025-02-18T16:00:00Z",1110,""
"Rise","2025-02-19T03:35:00Z",365,""
"Set","2025-02-19T14:35:00Z",1025,"discard"
"Rise","2025-02-20T05:10:00Z",460,"discard"
"Set","2025-02-20T15:55:00Z",1105,""
"Rise","2025-02-21T03:25:00Z",355,""
"Set","2025-02-21T14:00:00Z",990,"discard"
"Rise","2025-02-22T04:50:00Z",440,"discard"
"Set","2025-02-22T17:00:00Z",1170,"discard"
"Rise","2025-02-23T03:50:00Z",380,""
"Set","2025-02-23T16:15:00Z",1125,""
"Rise","2025-02-24T03:25:00Z",355,""
"Set","2025-02-24T16:15:00Z",1125,""
"Rise","2025-02-25T03:25:00Z",355,""
"Set","2025-02-25T16:15:00Z",1125,""
"Rise","2025-02-26T03:50:00Z",380,""
"Set","2025-02-26T16:05:00Z",1115,""
"Rise","2025-02-27T03:35:00Z",365,""
"Set","2025-02-27T16:10:00Z",1120,""
"Rise","2025-02-28T03:35:00Z",365,""
"Set","2025-02-28T16:00:00Z",1110,""
"Rise","2025-03-01T03:35:00Z",365,""
"Set","2025-03-01T16:10:00Z",1120,""
"Rise","2025-03-02T04:45:00Z",435,"discard"
"Set","2025-03-02T16:30:00Z",1140,"discard"
"Rise","2025-03-03T03:45:00Z",375,""
"Set","2025-03-03T16:25:00Z",1135,"discard"
"Rise","2025-03-04T03:35:00Z",365,""
"Set","2025-03-04T16:00:00Z",1110,""
"Rise","2025-03-05T03:35:00Z",365,""
"Set","2025-03-05T16:00:00Z",1110,""
"Rise","2025-03-06T03:40:00Z",370,""
"Set","2025-03-06T16:00:00Z",1110,""
"Rise","2025-03-07T03:45:00Z",375,""
"Set","2025-03-07T16:00:00Z",1110,""
"Rise","2025-03-08T03:30:00Z",360,""
"Set","2025-03-08T16:00:00Z",1110,""
"Rise","2025-03-09T03:40:00Z",370,""
"Set","2025-03-09T15:35:00Z",1085,""
"Rise","2025-03-10T08:10:00Z",640,"discard"
"Set","2025-03-10T15:40:00Z",1090,""
"Rise","2025-03-11T03:55:00Z",385,""
"Set","2025-03-11T15:25:00Z",1075,""
"Rise","2025-03-12T04:45:00Z",435,"discard"
"Set","2025-03-12T15:45:00Z",1095,""
"Rise","2025-03-13T03:40:00Z",370,""
"Set","2025-03-13T13:40:00Z",970,"discard"
"Rise","2025-03-14T03:40:00Z",370,""
"Set","2025-03-14T15:35:00Z",1085,""
"Rise","2025-03-15T03:25:00Z",355,""
"Set","2025-03-15T15:25:00Z",1075,""
"Rise","2025-03-16T03:25:00Z",355,""
"Set","2025-03-16T15:30:00Z",1080,""
"Rise","2025-03-17T03:35:00Z",365,""
"Set","2025-03-17T15:40:00Z",1090,""
"Rise","2025-03-18T03:50:00Z",380,""
"Set","2025-03-18T15:20:00Z",1070,""
"Rise","2025-03-19T03:55:00Z",385,""
"Set","2025-03-19T14:40:00Z",1030,"discard"
"Rise","2025-03-20T03:55:00Z",385,""
"Set","2025-03-20T15:35:00Z",1085,""
"Rise","2025-03-21T03:50:00Z",380,""
"Set","2025-03-21T15:30:00Z",1080,""
"Rise","2025-03-22T03:50:00Z",380,""
"Set","2025-03-22T15:25:00Z",1075,""
"Rise","2025-03-23T03:40:00Z",370,""
"Set","2025-03-23T15:25:00Z",1075,""
"Rise","2025-03-24T04:00:00Z",390,""
"Set","2025-03-24T15:15:00Z",1065,""
"Rise","2025-03-25T03:50:00Z",380,""
"Set","2025-03-25T15:25:00Z",1075,""
"Rise","2025-03-26T04:00:00Z",390,""
"Set","2025-03-26T15:40:00Z",1090,""
"Rise","2025-03-27T04:15:00Z",405,""
"Set","2025-03-27T15:35:00Z",1085,""
"Rise","2025-03-28T03:40:00Z",370,""
"Set","2025-03-28T15:25:00Z",1075,""
"Rise","2025-03-29T04:25:00Z",415,"discard"
"Set","2025-03-29T15:40:00Z",1090,""
"Rise","2025-03-30T03:50:00Z",380,""
"Set","2025-03-30T15:25:00Z",1075,""
"Rise","2025-03-31T03:20:00Z",350,""
"Set","2025-03-31T15:20:00Z",1070,""
"Rise","2025-04-01T03:30:00Z",360,""
"Set","2025-04-01T15:25:00Z",1075,""
"Rise","2025-04-02T03:25:00Z",355,""
"Set","2025-04-02T15:15:00Z",1065,""
"Rise","2025-04-03T03:30:00Z",360,""
"Set","2025-04-03T15:20:00Z",1070,""
"Rise","2025-04-04T03:30:00Z",360,""
"Set","2025-04-04T15:15:00Z",1065,""
"Rise","2025-04-05T04:15:00Z",405,"discard"
"Set","2025-04-05T15:05:00Z",1055,""
"Rise","2025-04-06T03:55:00Z",385,""
"Set","2025-04-06T15:25:00Z",1075,""
"Rise","2025-04-07T03:25:00Z",355,""
"Set","2025-04-07T14:55:00Z",1045,""
"Rise","2025-04-08T03:45:00Z",375,""
"Set","2025-04-08T15:10:00Z",1060,""
"Rise","2025-04-09T04:00:00Z",390,""
"Set","2025-04-09T15:20:00Z",1070,""
"Rise","2025-04-10T03:25:00Z",355,""
"Set","2025-04-10T13:45:00Z",975,"discard"
"Rise","2025-04-11T03:40:00Z",370,""
"Set","2025-04-11T15:10:00Z",1060,""
"Rise","2025-04-12T04:00:00Z",390,""
"Set","2025-04-12T12:20:00Z",890,"discard"
"Rise","2025-04-13T03:45:00Z",375,""
"Set","2025-04-13T13:30:00Z",960,"discard"
"Rise","2025-04-14T04:00:00Z",390,""
"Set","2025-04-14T15:35:00Z",1085,""
"Rise","2025-04-15T03:30:00Z",360,""
"Set","2025-04-15T13:20:00Z",950,"discard"
"Rise","2025-04-16T03:25:00Z",355,""
"Set","2025-04-16T15:35:00Z",1085,""
"Rise","2025-04-17T03:30:00Z",360,""
"Set","2025-04-17T15:10:00Z",1060,""
"Rise","2025-04-18T03:45:00Z",375,""
"Set","2025-04-18T15:15:00Z",1065,""
"Rise","2025-04-19T03:45:00Z",375,""
"Set","2025-04-19T15:05:00Z",1055,""
"Rise","2025-04-20T03:30:00Z",360,""
"Set","2025-04-20T15:15:00Z",1065,""
"Rise","2025-04-21T03:30:00Z",360,""
"Set","2025-04-21T15:10:00Z",1060,""
"Rise","2025-04-22T03:40:00Z",370,""
"Set","2025-04-22T15:30:00Z",1080,""
"Rise","2025-04-23T03:55:00Z",385,""
"Set","2025-04-23T15:30:00Z",1080,""
"Rise","2025-04-24T03:55:00Z",385,""
"Set","2025-04-24T15:25:00Z",1075,""
"Rise","2025-04-25T03:50:00Z",380,""
"Set","2025-04-25T15:05:00Z",1055,""
"Rise","2025-04-26T03:40:00Z",370,""
"Set","2025-04-26T15:15:00Z",1065,""
"Rise","2025-04-27T03:40:00Z",370,""
"Set","2025-04-27T14:35:00Z",1025,"discard"
"Rise","2025-04-28T03:50:00Z",380,""
"Set","2025-04-28T15:25:00Z",1075,""
"Rise","2025-04-29T03:40:00Z",370,""
"Set","2025-04-29T15:15:00Z",1065,""
"Rise","2025-04-30T03:30:00Z",360,""
"Set","2025-04-30T15:00:00Z",1050,""
"Rise","2025-05-01T04:15:00Z",405,"discard"
"Set","2025-05-01T15:20:00Z",1070,""
"Rise","2025-05-02T03:50:00Z",380,""
"Set","2025-05-02T15:25:00Z",1075,""
"Rise","2025-05-03T03:45:00Z",375,""
"Set","2025-05-03T15:10:00Z",1060,""
"Rise","2025-05-04T03:50:00Z",380,""
"Set","2025-05-04T09:40:00Z",730,"discard"
"Rise","2025-05-05T03:40:00Z",370,""
"Set","2025-05-05T15:30:00Z",1080,""
"Rise","2025-05-06T04:10:00Z",400,"discard"
"Set","2025-05-06T15:10:00Z",1060,""
"Rise","2025-05-07T03:45:00Z",375,""
"Set","2025-05-07T15:20:00Z",1070,""
"Rise","2025-05-08T03:55:00Z",385,""
"Set","2025-05-08T15:00:00Z",1050,""
"Rise","2025-05-09T03:40:00Z",370,""
"Set","2025-05-09T15:05:00Z",1055,""
"Rise","2025-05-10T03:50:00Z",380,""
"Set","2025-05-10T15:10:00Z",1060,""
"Rise","2025-05-11T03:55:00Z",385,""
"Set","2025-05-11T15:15:00Z",1065,""
"Rise","2025-05-12T03:45:00Z",375,""
"Set","2025-05-12T15:10:00Z",1060,""
"Rise","2025-05-13T03:35:00Z",365,""
"Set","2025-05-13T15:15:00Z",1065,""
"Rise","2025-05-14T04:05:00Z",395,""
"Set","2025-05-14T15:30:00Z",1080,""
"Rise","2025-05-15T07:05:00Z",575,"discard"
"Set","2025-05-15T15:30:00Z",1080,""
"Rise","2025-05-16T03:40:00Z",370,""
"Set","2025-05-16T15:10:00Z",1060,""
"Rise","2025-05-17T03:55:00Z",385,""
"Set","2025-05-17T15:35:00Z",1085,""
"Rise","2025-05-18T13:15:00Z",945,"discard"
"Set","2025-05-18T15:10:00Z",1060,""
"Rise","2025-05-19T11:25:00Z",835,"discard"
"Set","2025-05-19T13:40:00Z",970,"discard"
"Rise","2025-05-20T03:20:00Z",350,""
"Set","2025-05-20T15:10:00Z",1060,""
"Rise","2025-05-21T03:50:00Z",380,""
"Set","2025-05-21T15:05:00Z",1055,""
"Rise","2025-05-22T03:25:00Z",355,""
"Set","2025-05-22T15:10:00Z",1060,""
"Rise","2025-05-23T03:35:00Z",365,""
"Set","2025-05-23T15:15:00Z",1065,""
"Rise","2025-05-24T03:35:00Z",365,""
"Set","2025-05-24T13:30:00Z",960,"discard"
