series,timestamp,value,label
Rise,2024-09-26T04:25:00.000Z,415,discard
Set,2024-09-26T15:30:00.000Z,1080,1
Rise,2024-09-27T03:15:00.000Z,345,1
Set,2024-09-27T15:25:00.000Z,1075,1
Rise,2024-09-28T03:00:00.000Z,330,1
Set,2024-09-28T15:05:00.000Z,1055,1
Rise,2024-09-29T03:00:00.000Z,330,1
Set,2024-09-29T15:25:00.000Z,1075,1
Rise,2024-09-30T03:20:00.000Z,350,1
Set,2024-09-30T15:20:00.000Z,1070,1
Rise,2024-10-01T03:00:00.000Z,330,1
Set,2024-10-01T15:25:00.000Z,1075,1
Rise,2024-10-02T03:00:00.000Z,330,1
Set,2024-10-02T15:10:00.000Z,1060,1
Rise,2024-10-03T03:15:00.000Z,345,1
Set,2024-10-03T15:10:00.000Z,1060,1
Rise,2024-10-04T03:15:00.000Z,345,1
Set,2024-10-04T15:20:00.000Z,1070,1
Rise,2024-10-05T03:05:00.000Z,335,1
Set,2024-10-05T14:45:00.000Z,1035,
Rise,2024-10-06T03:15:00.000Z,345,1
Set,2024-10-06T15:20:00.000Z,1070,1
Rise,2024-10-07T03:00:00.000Z,330,1
Set,2024-10-07T15:15:00.000Z,1065,1
Rise,2024-10-08T03:10:00.000Z,340,1
Set,2024-10-08T15:20:00.000Z,1070,1
Rise,2024-10-09T03:10:00.000Z,340,1
Set,2024-10-09T15:05:00.000Z,1055,1
Rise,2024-10-10T02:50:00.000Z,320,1
Set,2024-10-10T15:25:00.000Z,1075,1
Rise,2024-10-11T02:55:00.000Z,325,1
Set,2024-10-11T15:15:00.000Z,1065,1
Rise,2024-10-12T02:55:00.000Z,325,1
Set,2024-10-12T15:15:00.000Z,1065,1
Rise,2024-10-13T02:55:00.000Z,325,1
Set,2024-10-13T15:00:00.000Z,1050,1
Rise,2024-10-14T02:55:00.000Z,325,1
Set,2024-10-14T15:15:00.000Z,1065,1
Rise,2024-10-15T02:55:00.000Z,325,1
Set,2024-10-15T15:30:00.000Z,1080,1
Rise,2024-10-16T03:00:00.000Z,330,1
Set,2024-10-16T15:15:00.000Z,1065,1
Rise,2024-10-17T02:55:00.000Z,325,1
Set,2024-10-17T15:20:00.000Z,1070,1
Rise,2024-10-18T03:25:00.000Z,355,1
Set,2024-10-18T15:05:00.000Z,1055,1
Rise,2024-10-19T02:55:00.000Z,325,1
Set,2024-10-19T15:15:00.000Z,1065,1
Rise,2024-10-20T02:55:00.000Z,325,1
Set,2024-10-20T15:20:00.000Z,1070,1
Rise,2024-10-21T02:45:00.000Z,315,1
Set,2024-10-21T15:15:00.000Z,1065,1
Rise,2024-10-22T03:00:00.000Z,330,1
Set,2024-10-22T15:20:00.000Z,1070,1
Rise,2024-10-23T03:05:00.000Z,335,1
Set,2024-10-23T15:20:00.000Z,1070,1
Rise,2024-10-24T03:00:00.000Z,330,1
Set,2024-10-24T15:15:00.000Z,1065,1
Rise,2024-10-25T03:05:00.000Z,335,1
Set,2024-10-25T15:25:00.000Z,1075,1
Rise,2024-10-26T02:50:00.000Z,320,1
Set,2024-10-26T15:05:00.000Z,1055,1
Rise,2024-10-27T03:00:00.000Z,330,1
Set,2024-10-27T15:20:00.000Z,1070,1
Rise,2024-10-28T03:05:00.000Z,335,1
Set,2024-10-28T15:15:00.000Z,1065,1
Rise,2024-10-29T03:00:00.000Z,330,1
Set,2024-10-29T15:15:00.000Z,1065,1
Rise,2024-10-30T02:55:00.000Z,325,1
Set,2024-10-30T15:15:00.000Z,1065,1
Rise,2024-10-31T02:55:00.000Z,325,1
Set,2024-10-31T15:15:00.000Z,1065,1
Rise,2024-11-01T02:35:00.000Z,305,1
Set,2024-11-01T15:05:00.000Z,1055,1
Rise,2024-11-02T02:55:00.000Z,325,1
Set,2024-11-02T15:05:00.000Z,1055,1
Rise,2024-11-03T02:45:00.000Z,315,1
Set,2024-11-03T15:15:00.000Z,1065,1
Rise,2024-11-04T03:05:00.000Z,335,1
Set,2024-11-04T14:50:00.000Z,1040,1
Rise,2024-11-05T03:05:00.000Z,335,1
Set,2024-11-05T15:10:00.000Z,1060,1
Rise,2024-11-06T02:55:00.000Z,325,1
Set,2024-11-06T15:15:00.000Z,1065,1
Rise,2024-11-07T03:00:00.000Z,330,1
Set,2024-11-07T14:55:00.000Z,1045,1
Rise,2024-11-08T02:50:00.000Z,320,1
Set,2024-11-08T15:15:00.000Z,1065,1
Rise,2024-11-09T03:00:00.000Z,330,1
Set,2024-11-09T15:20:00.000Z,1070,1
Rise,2024-11-10T02:55:00.000Z,325,1
Set,2024-11-10T15:20:00.000Z,1070,1
Rise,2024-11-11T03:05:00.000Z,335,1
Set,2024-11-11T15:05:00.000Z,1055,1
Rise,2024-11-12T02:45:00.000Z,315,1
Set,2024-11-12T15:25:00.000Z,1075,1
Rise,2024-11-13T03:00:00.000Z,330,1
Set,2024-11-13T15:10:00.000Z,1060,1
Rise,2024-11-14T02:55:00.000Z,325,1
Set,2024-11-14T15:05:00.000Z,1055,1
Rise,2024-11-15T02:55:00.000Z,325,1
Set,2024-11-15T15:10:00.000Z,1060,1
Rise,2024-11-16T02:55:00.000Z,325,1
Set,2024-11-16T15:20:00.000Z,1070,1
Rise,2024-11-17T03:00:00.000Z,330,1
Set,2024-11-17T15:05:00.000Z,1055,1
Rise,2024-11-18T02:55:00.000Z,325,1
Set,2024-11-18T15:00:00.000Z,1050,1
Rise,2024-11-19T03:00:00.000Z,330,1
Set,2024-11-19T15:10:00.000Z,1060,1
Rise,2024-11-20T03:00:00.000Z,330,1
Set,2024-11-20T15:05:00.000Z,1055,1
Rise,2024-11-21T03:00:00.000Z,330,1
Set,2024-11-21T15:20:00.000Z,1070,1
Rise,2024-11-22T03:00:00.000Z,330,1
Set,2024-11-22T15:20:00.000Z,1070,1
Rise,2024-11-23T02:50:00.000Z,320,1
Set,2024-11-23T15:15:00.000Z,1065,1
Rise,2024-11-24T03:05:00.000Z,335,2
Set,2024-11-24T15:30:00.000Z,1080,2
Rise,2024-11-25T03:15:00.000Z,345,3
Set,2024-11-25T15:25:00.000Z,1075,3
Rise,2024-11-26T03:05:00.000Z,335,4
Set,2024-11-26T15:30:00.000Z,1080,4
Rise,2024-11-27T02:40:00.000Z,310,discard
Set,2024-11-27T14:55:00.000Z,1045,discard
Rise,2024-11-28T03:55:00.000Z,385,discard
Set,2024-11-28T15:40:00.000Z,1090,4
Rise,2024-11-29T03:10:00.000Z,340,4
Set,2024-11-29T15:45:00.000Z,1095,4
Rise,2024-11-30T03:20:00.000Z,350,4
Set,2024-11-30T15:40:00.000Z,1090,4
Rise,2024-12-01T02:55:00.000Z,325,5
Set,2024-12-01T15:50:00.000Z,1100,5
Rise,2024-12-02T02:45:00.000Z,315,5
Set,2024-12-02T15:30:00.000Z,1080,5
Rise,2024-12-03T02:50:00.000Z,320,5
Set,2024-12-03T15:35:00.000Z,1085,5
Rise,2024-12-04T03:00:00.000Z,330,6
Set,2024-12-04T15:30:00.000Z,1080,6
Rise,2024-12-05T02:45:00.000Z,315,7
Set,2024-12-05T15:45:00.000Z,1095,7
Rise,2024-12-06T02:50:00.000Z,320,7
Set,2024-12-06T15:30:00.000Z,1080,7
Rise,2024-12-07T02:50:00.000Z,320,7
Set,2024-12-07T15:40:00.000Z,1090,7
Rise,2024-12-08T02:45:00.000Z,315,7
Set,2024-12-08T15:50:00.000Z,1100,7
Rise,2024-12-09T03:05:00.000Z,335,7
Set,2024-12-09T15:50:00.000Z,1100,7
Rise,2024-12-10T03:00:00.000Z,330,7
Set,2024-12-10T15:30:00.000Z,1080,discard
Rise,2024-12-11T02:45:00.000Z,315,7
Set,2024-12-11T15:50:00.000Z,1100,7
Rise,2024-12-12T02:45:00.000Z,315,7
Set,2024-12-12T15:55:00.000Z,1105,7
Rise,2024-12-13T02:50:00.000Z,320,7
Set,2024-12-13T15:40:00.000Z,1090,7
Rise,2024-12-14T02:50:00.000Z,320,7
Set,2024-12-14T15:45:00.000Z,1095,7
Rise,2024-12-15T03:05:00.000Z,335,7
Set,2024-12-15T15:50:00.000Z,1100,7
Rise,2024-12-16T02:55:00.000Z,325,7
Set,2024-12-16T15:45:00.000Z,1095,7
Rise,2024-12-17T02:50:00.000Z,320,7
Set,2024-12-17T16:00:00.000Z,1110,7
Rise,2024-12-18T02:55:00.000Z,325,7
Set,2024-12-18T15:30:00.000Z,1080,discard
Rise,2024-12-19T03:05:00.000Z,335,7
Set,2024-12-19T15:50:00.000Z,1100,7
Rise,2024-12-20T02:40:00.000Z,310,7
Set,2024-12-20T16:00:00.000Z,1110,7
Rise,2024-12-21T02:45:00.000Z,315,7
Set,2024-12-21T16:00:00.000Z,1110,7
Rise,2024-12-22T02:50:00.000Z,320,7
Set,2024-12-22T15:50:00.000Z,1100,7
Rise,2024-12-23T03:00:00.000Z,330,7
Set,2024-12-23T15:50:00.000Z,1100,7
Rise,2024-12-24T02:50:00.000Z,320,7
Set,2024-12-24T15:40:00.000Z,1090,7
Rise,2024-12-25T03:05:00.000Z,335,7
Set,2024-12-25T15:50:00.000Z,1100,7
Rise,2024-12-26T02:50:00.000Z,320,7
Set,2024-12-26T15:55:00.000Z,1105,7
Rise,2024-12-27T03:15:00.000Z,345,7
Set,2024-12-27T15:50:00.000Z,1100,7
Rise,2024-12-28T03:15:00.000Z,345,7
Set,2024-12-28T15:55:00.000Z,1105,7
Rise,2024-12-29T03:00:00.000Z,330,7
Set,2024-12-29T15:35:00.000Z,1085,7
Rise,2024-12-30T03:10:00.000Z,340,7
Set,2024-12-30T15:45:00.000Z,1095,7
Rise,2024-12-31T03:20:00.000Z,350,7
Set,2024-12-31T15:50:00.000Z,1100,7
Rise,2025-01-01T03:15:00.000Z,345,7
Set,2025-01-01T15:30:00.000Z,1080,discard
Rise,2025-01-02T03:20:00.000Z,350,7
Set,2025-01-02T16:05:00.000Z,1115,7
Rise,2025-01-03T03:10:00.000Z,340,7
Set,2025-01-03T15:45:00.000Z,1095,7
Rise,2025-01-04T03:30:00.000Z,360,7
Set,2025-01-04T16:00:00.000Z,1110,7
Rise,2025-01-05T03:15:00.000Z,345,7
Set,2025-01-05T16:00:00.000Z,1110,7
Rise,2025-01-06T03:15:00.000Z,345,7
Set,2025-01-06T15:45:00.000Z,1095,7
Rise,2025-01-07T03:10:00.000Z,340,7
Set,2025-01-07T16:05:00.000Z,1115,7
Rise,2025-01-08T03:15:00.000Z,345,7
Set,2025-01-08T15:55:00.000Z,1105,7
Rise,2025-01-09T03:30:00.000Z,360,7
Set,2025-01-09T15:50:00.000Z,1100,7
Rise,2025-01-10T02:55:00.000Z,325,discard
Set,2025-01-10T15:45:00.000Z,1095,7
Rise,2025-01-11T03:05:00.000Z,335,7
Set,2025-01-11T15:45:00.000Z,1095,7
Rise,2025-01-12T03:25:00.000Z,355,7
Set,2025-01-12T15:50:00.000Z,1100,7
Rise,2025-01-13T03:25:00.000Z,355,7
Set,2025-01-13T15:55:00.000Z,1105,7
Rise,2025-01-14T03:15:00.000Z,345,7
Set,2025-01-14T15:50:00.000Z,1100,7
Rise,2025-01-15T03:00:00.000Z,330,discard
Set,2025-01-15T16:00:00.000Z,1110,7
Rise,2025-01-16T03:25:00.000Z,355,7
Set,2025-01-16T16:05:00.000Z,1115,7
Rise,2025-01-17T03:25:00.000Z,355,7
Set,2025-01-17T15:55:00.000Z,1105,7
Rise,2025-01-18T03:15:00.000Z,345,7
Set,2025-01-18T15:55:00.000Z,1105,7
Rise,2025-01-19T03:20:00.000Z,350,7
Set,2025-01-19T15:55:00.000Z,1105,7
Rise,2025-01-20T03:45:00.000Z,375,discard
Set,2025-01-20T15:55:00.000Z,1105,7
Rise,2025-01-21T03:00:00.000Z,330,discard
Set,2025-01-21T15:35:00.000Z,1085,discard
Rise,2025-01-22T03:35:00.000Z,365,7
Set,2025-01-22T15:25:00.000Z,1075,discard
Rise,2025-01-23T03:35:00.000Z,365,7
Set,2025-01-23T15:55:00.000Z,1105,7
Rise,2025-01-24T03:40:00.000Z,370,7
Set,2025-01-24T16:00:00.000Z,1110,7
Rise,2025-01-25T03:55:00.000Z,385,discard
Set,2025-01-25T15:50:00.000Z,1100,7
Rise,2025-01-26T03:35:00.000Z,365,7
Set,2025-01-26T15:55:00.000Z,1105,7
Rise,2025-01-27T03:20:00.000Z,350,7
Set,2025-01-27T16:00:00.000Z,1110,7
Rise,2025-01-28T03:10:00.000Z,340,7
Set,2025-01-28T16:00:00.000Z,1110,7
Rise,2025-01-29T03:10:00.000Z,340,7
Set,2025-01-29T16:00:00.000Z,1110,7
Rise,2025-01-30T03:05:00.000Z,335,7
Set,2025-01-30T15:55:00.000Z,1105,7
Rise,2025-01-31T03:25:00.000Z,355,7
Set,2025-01-31T15:40:00.000Z,1090,7
Rise,2025-02-01T03:25:00.000Z,355,7
Set,2025-02-01T16:00:00.000Z,1110,7
Rise,2025-02-02T03:30:00.000Z,360,7
Set,2025-02-02T15:55:00.000Z,1105,7
Rise,2025-02-03T03:20:00.000Z,350,7
Set,2025-02-03T16:05:00.000Z,1115,7
Rise,2025-02-04T03:15:00.000Z,345,7
Set,2025-02-04T15:55:00.000Z,1105,7
Rise,2025-02-05T03:15:00.000Z,345,7
Set,2025-02-05T15:50:00.000Z,1100,7
Rise,2025-02-06T03:30:00.000Z,360,7
Set,2025-02-06T15:55:00.000Z,1105,7
Rise,2025-02-07T03:25:00.000Z,355,7
Set,2025-02-07T15:45:00.000Z,1095,7
Rise,2025-02-08T03:10:00.000Z,340,7
Set,2025-02-08T15:45:00.000Z,1095,7
Rise,2025-02-09T03:15:00.000Z,345,7
Set,2025-02-09T16:00:00.000Z,1110,7
Rise,2025-02-10T03:40:00.000Z,370,7
Set,2025-02-10T15:55:00.000Z,1105,7
Rise,2025-02-11T03:25:00.000Z,355,7
Set,2025-02-11T15:55:00.000Z,1105,7
Rise,2025-02-12T03:10:00.000Z,340,7
Set,2025-02-12T16:05:00.000Z,1115,7
Rise,2025-02-13T03:30:00.000Z,360,7
Set,2025-02-13T16:00:00.000Z,1110,7
Rise,2025-02-14T03:35:00.000Z,365,7
Set,2025-02-14T16:00:00.000Z,1110,7
Rise,2025-02-15T03:20:00.000Z,350,7
Set,2025-02-15T15:55:00.000Z,1105,7
Rise,2025-02-16T03:35:00.000Z,365,7
Set,2025-02-16T15:55:00.000Z,1105,7
Rise,2025-02-17T03:25:00.000Z,355,7
Set,2025-02-17T16:00:00.000Z,1110,7
Rise,2025-02-18T03:45:00.000Z,375,7
Set,2025-02-18T15:45:00.000Z,1095,7
Rise,2025-02-19T03:30:00.000Z,360,7
Set,2025-02-19T15:55:00.000Z,1105,7
Rise,2025-02-20T03:35:00.000Z,365,7
Set,2025-02-20T15:55:00.000Z,1105,7
Rise,2025-02-21T03:35:00.000Z,365,7
Set,2025-02-21T15:55:00.000Z,1105,7
Rise,2025-02-22T03:35:00.000Z,365,7
Set,2025-02-22T15:50:00.000Z,1100,7
Rise,2025-02-23T03:40:00.000Z,370,7
Set,2025-02-23T15:55:00.000Z,1105,7
Rise,2025-02-24T03:25:00.000Z,355,7
Set,2025-02-24T15:45:00.000Z,1095,7
Rise,2025-02-25T03:35:00.000Z,365,7
Set,2025-02-25T15:55:00.000Z,1105,7
Rise,2025-02-26T03:45:00.000Z,375,7
Set,2025-02-26T15:55:00.000Z,1105,7
Rise,2025-02-27T03:35:00.000Z,365,7
Set,2025-02-27T15:50:00.000Z,1100,7
Rise,2025-02-28T03:20:00.000Z,350,7
Set,2025-02-28T15:50:00.000Z,1100,7
Rise,2025-03-01T03:35:00.000Z,365,7
Set,2025-03-01T16:00:00.000Z,1110,7
Rise,2025-03-02T03:20:00.000Z,350,7
Set,2025-03-02T15:55:00.000Z,1105,7
Rise,2025-03-03T03:30:00.000Z,360,7
Set,2025-03-03T15:55:00.000Z,1105,7
Rise,2025-03-04T03:40:00.000Z,370,7
Set,2025-03-04T15:35:00.000Z,1085,discard
Rise,2025-03-05T03:30:00.000Z,360,7
Set,2025-03-05T15:10:00.000Z,1060,discard
Rise,2025-03-06T03:35:00.000Z,365,7
Set,2025-03-06T15:55:00.000Z,1105,7
Rise,2025-03-07T03:40:00.000Z,370,7
Set,2025-03-07T15:40:00.000Z,1090,7
Rise,2025-03-08T03:45:00.000Z,375,7
Set,2025-03-08T15:55:00.000Z,1105,7
Rise,2025-03-09T03:45:00.000Z,375,7
Set,2025-03-09T15:45:00.000Z,1095,7
Rise,2025-03-10T03:25:00.000Z,355,7
Set,2025-03-10T15:40:00.000Z,1090,7
Rise,2025-03-11T03:50:00.000Z,380,7
Set,2025-03-11T14:40:00.000Z,1030,discard
Rise,2025-03-12T03:30:00.000Z,360,7
Set,2025-03-12T15:20:00.000Z,1070,discard
Rise,2025-03-13T03:55:00.000Z,385,7
Set,2025-03-13T15:50:00.000Z,1100,7
Rise,2025-03-14T03:40:00.000Z,370,7
Set,2025-03-14T15:05:00.000Z,1055,discard
Rise,2025-03-15T03:50:00.000Z,380,7
Set,2025-03-15T15:35:00.000Z,1085,7
Rise,2025-03-16T04:00:00.000Z,390,7
Set,2025-03-16T15:35:00.000Z,1085,7
Rise,2025-03-17T03:40:00.000Z,370,7
Set,2025-03-17T15:30:00.000Z,1080,7
Rise,2025-03-18T03:35:00.000Z,365,7
Set,2025-03-18T15:45:00.000Z,1095,7
Rise,2025-03-19T03:30:00.000Z,360,7
Set,2025-03-19T15:45:00.000Z,1095,7
Rise,2025-03-20T03:40:00.000Z,370,7
Set,2025-03-20T15:20:00.000Z,1070,7
Rise,2025-03-21T03:45:00.000Z,375,7
Set,2025-03-21T15:45:00.000Z,1095,7
Rise,2025-03-22T03:45:00.000Z,375,7
Set,2025-03-22T15:35:00.000Z,1085,7
Rise,2025-03-23T03:40:00.000Z,370,7
Set,2025-03-23T15:35:00.000Z,1085,7
Rise,2025-03-24T03:40:00.000Z,370,7
Set,2025-03-24T15:25:00.000Z,1075,7
Rise,2025-03-25T03:50:00.000Z,380,7
Set,2025-03-25T15:25:00.000Z,1075,7
Rise,2025-03-26T04:05:00.000Z,395,7
Set,2025-03-26T15:30:00.000Z,1080,7
Rise,2025-03-27T03:45:00.000Z,375,7
Set,2025-03-27T15:35:00.000Z,1085,7
Rise,2025-03-28T03:45:00.000Z,375,7
Set,2025-03-28T15:10:00.000Z,1060,7
Rise,2025-03-29T04:00:00.000Z,390,7
Set,2025-03-29T15:30:00.000Z,1080,7
Rise,2025-03-30T03:35:00.000Z,365,7
Set,2025-03-30T15:25:00.000Z,1075,7
Rise,2025-03-31T03:50:00.000Z,380,7
Set,2025-03-31T14:40:00.000Z,1030,discard
Rise,2025-04-01T03:25:00.000Z,355,7
Set,2025-04-01T15:00:00.000Z,1050,7
Rise,2025-04-02T03:50:00.000Z,380,7
Set,2025-04-02T14:20:00.000Z,1010,discard
Rise,2025-04-03T03:20:00.000Z,350,7
Set,2025-04-03T15:25:00.000Z,1075,7
Rise,2025-04-04T03:35:00.000Z,365,7
Set,2025-04-04T15:05:00.000Z,1055,7
Rise,2025-04-05T03:45:00.000Z,375,7
Set,2025-04-05T15:10:00.000Z,1060,7
Rise,2025-04-06T04:25:00.000Z,415,discard
Set,2025-04-06T15:10:00.000Z,1060,7
Rise,2025-04-07T04:00:00.000Z,390,discard
Set,2025-04-07T15:25:00.000Z,1075,7
Rise,2025-04-08T03:20:00.000Z,350,7
Set,2025-04-08T15:35:00.000Z,1085,7
Rise,2025-04-09T03:30:00.000Z,360,7
Set,2025-04-09T15:15:00.000Z,1065,7
Rise,2025-04-10T03:45:00.000Z,375,7
Set,2025-04-10T15:25:00.000Z,1075,7
Rise,2025-04-11T03:35:00.000Z,365,7
Set,2025-04-11T15:20:00.000Z,1070,7
Rise,2025-04-12T03:40:00.000Z,370,7
Set,2025-04-12T15:25:00.000Z,1075,7
Rise,2025-04-13T03:40:00.000Z,370,7
Set,2025-04-13T15:25:00.000Z,1075,7
Rise,2025-04-14T03:45:00.000Z,375,7
Set,2025-04-14T15:15:00.000Z,1065,7
Rise,2025-04-15T03:55:00.000Z,385,7
Set,2025-04-15T14:00:00.000Z,990,discard
Rise,2025-04-16T04:10:00.000Z,400,7
Set,2025-04-16T15:20:00.000Z,1070,7
Rise,2025-04-17T03:45:00.000Z,375,7
Set,2025-04-17T15:10:00.000Z,1060,7
Rise,2025-04-18T03:55:00.000Z,385,7
Set,2025-04-18T15:05:00.000Z,1055,7
Rise,2025-04-19T04:10:00.000Z,400,7
Set,2025-04-19T15:00:00.000Z,1050,7
Rise,2025-04-20T04:05:00.000Z,395,7
Set,2025-04-20T15:25:00.000Z,1075,7
Rise,2025-04-21T04:05:00.000Z,395,7
Set,2025-04-21T15:05:00.000Z,1055,7
Rise,2025-04-22T03:40:00.000Z,370,7
Set,2025-04-22T15:20:00.000Z,1070,7
Rise,2025-04-23T03:45:00.000Z,375,7
Set,2025-04-23T15:00:00.000Z,1050,7
Rise,2025-04-24T03:20:00.000Z,350,discard
Set,2025-04-24T15:05:00.000Z,1055,7
Rise,2025-04-25T03:50:00.000Z,380,7
Set,2025-04-25T15:15:00.000Z,1065,7
Rise,2025-04-26T03:45:00.000Z,375,7
Set,2025-04-26T15:15:00.000Z,1065,7
Rise,2025-04-27T03:50:00.000Z,380,7
Set,2025-04-27T15:15:00.000Z,1065,7
Rise,2025-04-28T03:40:00.000Z,370,7
Set,2025-04-28T14:30:00.000Z,1020,discard
Rise,2025-04-29T04:05:00.000Z,395,7
Set,2025-04-29T14:50:00.000Z,1040,discard
Rise,2025-04-30T03:50:00.000Z,380,7
Set,2025-04-30T14:55:00.000Z,1045,discard
Rise,2025-05-01T04:25:00.000Z,415,discard
Set,2025-05-01T15:10:00.000Z,1060,7
Rise,2025-05-02T03:50:00.000Z,380,7
Set,2025-05-02T15:10:00.000Z,1060,7
Rise,2025-05-03T03:55:00.000Z,385,7
Set,2025-05-03T15:20:00.000Z,1070,7
Rise,2025-05-04T03:55:00.000Z,385,7
Set,2025-05-04T14:55:00.000Z,1045,discard
Rise,2025-05-05T04:20:00.000Z,410,7
Set,2025-05-05T15:15:00.000Z,1065,7
Rise,2025-05-06T04:20:00.000Z,410,7
Set,2025-05-06T15:15:00.000Z,1065,7
Rise,2025-05-07T03:40:00.000Z,370,8
Set,2025-05-07T15:25:00.000Z,1075,8
Rise,2025-05-08T03:55:00.000Z,385,8
Set,2025-05-08T14:45:00.000Z,1035,discard
Rise,2025-05-09T03:50:00.000Z,380,8
Set,2025-05-09T14:25:00.000Z,1015,discard
Rise,2025-05-10T04:00:00.000Z,390,8
Set,2025-05-10T15:00:00.000Z,1050,8
Rise,2025-05-11T03:45:00.000Z,375,8
Set,2025-05-11T14:55:00.000Z,1045,8
Rise,2025-05-12T04:05:00.000Z,395,8
Set,2025-05-12T15:20:00.000Z,1070,8
Rise,2025-05-13T04:25:00.000Z,415,9
Set,2025-05-13T15:25:00.000Z,1075,9
Rise,2025-05-14T03:40:00.000Z,370,discard
Set,2025-05-14T15:00:00.000Z,1050,10
Rise,2025-05-15T03:05:00.000Z,335,discard
Set,2025-05-15T15:20:00.000Z,1070,11
Rise,2025-05-16T03:25:00.000Z,355,discard
Set,2025-05-16T15:25:00.000Z,1075,13
Rise,2025-05-17T03:10:00.000Z,340,discard
Set,2025-05-17T14:50:00.000Z,1040,discard
Rise,2025-05-18T04:35:00.000Z,425,13
Set,2025-05-18T15:05:00.000Z,1055,13
Rise,2025-05-19T04:20:00.000Z,410,14
Set,2025-05-19T15:15:00.000Z,1065,14
Rise,2025-05-20T04:15:00.000Z,405,14
Set,2025-05-20T15:00:00.000Z,1050,14
Rise,2025-05-21T03:40:00.000Z,370,discard
Set,2025-05-21T15:00:00.000Z,1050,14
Rise,2025-05-22T03:30:00.000Z,360,discard
Set,2025-05-22T15:00:00.000Z,1050,14
Rise,2025-05-23T04:45:00.000Z,435,discard
Set,2025-05-23T15:00:00.000Z,1050,14
Rise,2025-05-24T04:15:00.000Z,405,14
Set,2025-05-24T14:45:00.000Z,1035,discard
Rise,2025-05-25T03:55:00.000Z,385,14
Set,2025-05-25T14:30:00.000Z,1020,discard
Rise,2025-05-26T05:00:00.000Z,450,discard
Set,2025-05-26T14:50:00.000Z,1040,discard
Rise,2025-05-27T03:50:00.000Z,380,14
Set,2025-05-27T15:20:00.000Z,1070,14
Rise,2025-05-28T03:45:00.000Z,375,14
Set,2025-05-28T14:35:00.000Z,1025,discard
Rise,2025-05-29T03:30:00.000Z,360,14
Set,2025-05-29T14:35:00.000Z,1025,discard
Rise,2025-05-30T04:10:00.000Z,400,14
Set,2025-05-30T15:10:00.000Z,1060,14
Rise,2025-05-31T03:30:00.000Z,360,14
Set,2025-05-31T15:10:00.000Z,1060,14
Rise,2025-06-01T03:40:00.000Z,370,14
Set,2025-06-01T15:05:00.000Z,1055,14
Rise,2025-06-02T03:20:00.000Z,350,14
Set,2025-06-02T15:10:00.000Z,1060,14
Rise,2025-06-03T04:05:00.000Z,395,14
Set,2025-06-03T15:10:00.000Z,1060,14
Rise,2025-06-04T03:55:00.000Z,385,14
Set,2025-06-04T15:15:00.000Z,1065,14
Rise,2025-06-05T03:40:00.000Z,370,14
Set,2025-06-05T15:15:00.000Z,1065,14
Rise,2025-06-06T03:35:00.000Z,365,14
Set,2025-06-06T14:50:00.000Z,1040,14
Rise,2025-06-07T03:45:00.000Z,375,14
Set,2025-06-07T15:15:00.000Z,1065,14
Rise,2025-06-08T03:40:00.000Z,370,14
Set,2025-06-08T14:55:00.000Z,1045,14
Rise,2025-06-09T04:25:00.000Z,415,14
Set,2025-06-09T14:45:00.000Z,1035,14
Rise,2025-06-10T03:45:00.000Z,375,14
Set,2025-06-10T15:05:00.000Z,1055,14
Rise,2025-06-11T04:05:00.000Z,395,14
Set,2025-06-11T13:55:00.000Z,985,discard
Rise,2025-06-12T04:05:00.000Z,395,14
Set,2025-06-12T14:35:00.000Z,1025,14
Rise,2025-06-13T03:55:00.000Z,385,14
Set,2025-06-13T15:00:00.000Z,1050,14
Rise,2025-06-14T03:35:00.000Z,365,14
Set,2025-06-14T14:50:00.000Z,1040,14
Rise,2025-06-15T04:05:00.000Z,395,14
Set,2025-06-15T15:05:00.000Z,1055,14
Rise,2025-06-16T03:55:00.000Z,385,14
Set,2025-06-16T15:10:00.000Z,1060,14
Rise,2025-06-17T03:50:00.000Z,380,14
Set,2025-06-17T15:05:00.000Z,1055,14
Rise,2025-06-18T03:55:00.000Z,385,14
Set,2025-06-18T15:10:00.000Z,1060,14
Rise,2025-06-19T04:20:00.000Z,410,14
Set,2025-06-19T15:10:00.000Z,1060,14
Rise,2025-06-20T03:50:00.000Z,380,14
Set,2025-06-20T15:00:00.000Z,1050,14
Rise,2025-06-21T03:45:00.000Z,375,14
Set,2025-06-21T14:50:00.000Z,1040,14
Rise,2025-06-22T03:45:00.000Z,375,14
Set,2025-06-22T14:45:00.000Z,1035,14
Rise,2025-06-23T03:30:00.000Z,360,14
Set,2025-06-23T14:30:00.000Z,1020,discard
Rise,2025-06-24T04:05:00.000Z,395,14
Set,2025-06-24T15:10:00.000Z,1060,14
Rise,2025-06-25T05:25:00.000Z,475,discard
Set,2025-06-25T15:05:00.000Z,1055,14
Rise,2025-06-26T04:30:00.000Z,420,14
Set,2025-06-26T15:30:00.000Z,1080,discard
Rise,2025-06-27T04:45:00.000Z,435,14
Set,2025-06-27T15:05:00.000Z,1055,14
Rise,2025-06-28T04:25:00.000Z,415,14
Set,2025-06-28T14:50:00.000Z,1040,14
Rise,2025-06-29T03:50:00.000Z,380,14
Set,2025-06-29T15:10:00.000Z,1060,14
Rise,2025-06-30T04:10:00.000Z,400,14
Set,2025-06-30T14:40:00.000Z,1030,discard
Rise,2025-07-01T03:45:00.000Z,375,14
Set,2025-07-01T15:05:00.000Z,1055,14
Rise,2025-07-02T04:20:00.000Z,410,14
Set,2025-07-02T15:30:00.000Z,1080,14
Rise,2025-07-03T04:00:00.000Z,390,14
Set,2025-07-03T15:00:00.000Z,1050,14
Rise,2025-07-04T05:10:00.000Z,460,discard
Set,2025-07-04T15:25:00.000Z,1075,14
Rise,2025-07-05T04:05:00.000Z,395,14
Set,2025-07-05T15:20:00.000Z,1070,14
Rise,2025-07-06T03:55:00.000Z,385,14
Set,2025-07-06T15:15:00.000Z,1065,14
Rise,2025-07-07T04:15:00.000Z,405,14
Set,2025-07-07T14:55:00.000Z,1045,14
Rise,2025-07-08T03:20:00.000Z,350,discard
Set,2025-07-08T15:25:00.000Z,1075,14
Rise,2025-07-09T03:50:00.000Z,380,14
Set,2025-07-09T15:00:00.000Z,1050,14
Rise,2025-07-10T04:10:00.000Z,400,14
Set,2025-07-10T15:10:00.000Z,1060,14
Rise,2025-07-11T04:05:00.000Z,395,14
Set,2025-07-11T15:00:00.000Z,1050,14
Rise,2025-07-12T03:55:00.000Z,385,14
Set,2025-07-12T15:00:00.000Z,1050,14
Rise,2025-07-13T04:10:00.000Z,400,14
Set,2025-07-13T14:55:00.000Z,1045,14
Rise,2025-07-14T04:05:00.000Z,395,14
Set,2025-07-14T15:45:00.000Z,1095,discard
Rise,2025-07-15T04:05:00.000Z,395,14
Set,2025-07-15T15:00:00.000Z,1050,14
Rise,2025-07-16T03:25:00.000Z,355,discard
Set,2025-07-16T15:10:00.000Z,1060,14
Rise,2025-07-17T04:00:00.000Z,390,14
Set,2025-07-17T15:15:00.000Z,1065,14
Rise,2025-07-18T04:10:00.000Z,400,14
Set,2025-07-18T15:10:00.000Z,1060,14
Rise,2025-07-19T04:10:00.000Z,400,14
Set,2025-07-19T15:30:00.000Z,1080,14
Rise,2025-07-20T03:40:00.000Z,370,discard
Set,2025-07-20T14:55:00.000Z,1045,14
Rise,2025-07-21T04:15:00.000Z,405,14
Set,2025-07-21T15:10:00.000Z,1060,14
Rise,2025-07-22T04:10:00.000Z,400,14
Set,2025-07-22T14:55:00.000Z,1045,14
Rise,2025-07-23T04:05:00.000Z,395,14
Set,2025-07-23T15:20:00.000Z,1070,14
Rise,2025-07-24T04:50:00.000Z,440,discard
Set,2025-07-24T15:15:00.000Z,1065,14
Rise,2025-07-25T04:30:00.000Z,420,14
Set,2025-07-25T15:10:00.000Z,1060,14
Rise,2025-07-26T04:00:00.000Z,390,14
Set,2025-07-26T14:20:00.000Z,1010,discard
Rise,2025-07-27T04:15:00.000Z,405,14
Set,2025-07-27T15:00:00.000Z,1050,14
Rise,2025-07-28T04:25:00.000Z,415,14
Set,2025-07-28T15:05:00.000Z,1055,14
Rise,2025-07-29T03:25:00.000Z,355,discard
Set,2025-07-29T14:50:00.000Z,1040,14
Rise,2025-07-30T04:25:00.000Z,415,14
Set,2025-07-30T14:45:00.000Z,1035,14
Rise,2025-07-31T03:30:00.000Z,360,discard
Set,2025-07-31T15:00:00.000Z,1050,14
Rise,2025-08-01T04:15:00.000Z,405,14
Set,2025-08-01T14:50:00.000Z,1040,14
Rise,2025-08-02T04:25:00.000Z,415,14
Set,2025-08-02T15:20:00.000Z,1070,14
Rise,2025-08-03T04:20:00.000Z,410,14
Set,2025-08-03T15:30:00.000Z,1080,14
Rise,2025-08-04T04:40:00.000Z,430,14
Set,2025-08-04T15:00:00.000Z,1050,14
Rise,2025-08-05T03:50:00.000Z,380,14
Set,2025-08-05T15:15:00.000Z,1065,14
Rise,2025-08-06T03:50:00.000Z,380,14
Set,2025-08-06T15:00:00.000Z,1050,14
Rise,2025-08-07T04:00:00.000Z,390,14
Set,2025-08-07T15:20:00.000Z,1070,14
Rise,2025-08-08T03:50:00.000Z,380,14
Set,2025-08-08T15:20:00.000Z,1070,14
Rise,2025-08-09T03:20:00.000Z,350,discard
Set,2025-08-09T14:50:00.000Z,1040,14
Rise,2025-08-10T03:20:00.000Z,350,discard
Set,2025-08-10T15:15:00.000Z,1065,14
Rise,2025-08-11T04:50:00.000Z,440,discard
Set,2025-08-11T15:00:00.000Z,1050,14
Rise,2025-08-12T03:45:00.000Z,375,14
Set,2025-08-12T14:55:00.000Z,1045,14
Rise,2025-08-13T04:10:00.000Z,400,14
Set,2025-08-13T15:05:00.000Z,1055,14
Rise,2025-08-14T04:00:00.000Z,390,14
Set,2025-08-14T14:30:00.000Z,1020,14
Rise,2025-08-15T04:25:00.000Z,415,14
Set,2025-08-15T15:20:00.000Z,1070,14
Rise,2025-08-16T03:45:00.000Z,375,14
Set,2025-08-16T14:55:00.000Z,1045,14
Rise,2025-08-17T04:05:00.000Z,395,14
Set,2025-08-17T15:00:00.000Z,1050,14
Rise,2025-08-18T03:45:00.000Z,375,14
Set,2025-08-18T15:15:00.000Z,1065,14
Rise,2025-08-19T04:10:00.000Z,400,14
Set,2025-08-19T15:15:00.000Z,1065,14
Rise,2025-08-20T04:30:00.000Z,420,14
Set,2025-08-20T15:05:00.000Z,1055,14
Rise,2025-08-21T03:50:00.000Z,380,14
Set,2025-08-21T15:20:00.000Z,1070,14
Rise,2025-08-22T03:55:00.000Z,385,14
Set,2025-08-22T15:30:00.000Z,1080,14
Rise,2025-08-23T04:25:00.000Z,415,14
Set,2025-08-23T14:50:00.000Z,1040,14
Rise,2025-08-24T05:55:00.000Z,505,discard
Set,2025-08-24T15:10:00.000Z,1060,14
Rise,2025-08-25T03:50:00.000Z,380,14
Set,2025-08-25T15:25:00.000Z,1075,14
Rise,2025-08-26T03:50:00.000Z,380,14
Set,2025-08-26T14:45:00.000Z,1035,14
Rise,2025-08-27T03:15:00.000Z,345,discard
Set,2025-08-27T14:55:00.000Z,1045,14
Rise,2025-08-28T03:45:00.000Z,375,14
Set,2025-08-28T15:00:00.000Z,1050,14
Rise,2025-08-29T03:30:00.000Z,360,14
Set,2025-08-29T15:00:00.000Z,1050,14
Rise,2025-08-30T03:40:00.000Z,370,14
Set,2025-08-30T15:10:00.000Z,1060,14
Rise,2025-08-31T04:20:00.000Z,410,discard
Set,2025-08-31T15:15:00.000Z,1065,14
Rise,2025-09-01T03:20:00.000Z,350,14
Set,2025-09-01T15:05:00.000Z,1055,14
Rise,2025-09-02T03:50:00.000Z,380,14
Set,2025-09-02T15:00:00.000Z,1050,14
Rise,2025-09-03T03:20:00.000Z,350,14
Set,2025-09-03T15:15:00.000Z,1065,14
Rise,2025-09-04T04:05:00.000Z,395,14
Set,2025-09-04T15:10:00.000Z,1060,14
Rise,2025-09-05T04:00:00.000Z,390,14
Set,2025-09-05T14:55:00.000Z,1045,14
Rise,2025-09-06T03:50:00.000Z,380,14
Set,2025-09-06T14:45:00.000Z,1035,14
Rise,2025-09-07T03:50:00.000Z,380,14
Set,2025-09-07T15:05:00.000Z,1055,14
Rise,2025-09-08T04:10:00.000Z,400,14
Set,2025-09-08T14:50:00.000Z,1040,14
Rise,2025-09-09T03:40:00.000Z,370,14
Set,2025-09-09T15:05:00.000Z,1055,14
Rise,2025-09-10T04:10:00.000Z,400,14
Set,2025-09-10T15:10:00.000Z,1060,14
Rise,2025-09-11T03:30:00.000Z,360,14
Set,2025-09-11T14:55:00.000Z,1045,14
Rise,2025-09-12T03:15:00.000Z,345,14
Set,2025-09-12T15:10:00.000Z,1060,14
Rise,2025-09-13T03:10:00.000Z,340,14
Set,2025-09-13T14:45:00.000Z,1035,14
Rise,2025-09-14T03:35:00.000Z,365,14
Set,2025-09-14T15:10:00.000Z,1060,14
Rise,2025-09-15T03:40:00.000Z,370,14
Set,2025-09-15T15:00:00.000Z,1050,14
Rise,2025-09-16T03:45:00.000Z,375,14
Set,2025-09-16T15:00:00.000Z,1050,14
Rise,2025-09-17T03:35:00.000Z,365,14
Set,2025-09-17T15:05:00.000Z,1055,14
Rise,2025-09-18T03:05:00.000Z,335,discard
Set,2025-09-18T15:00:00.000Z,1050,14
Rise,2025-09-19T03:35:00.000Z,365,14
Set,2025-09-19T15:15:00.000Z,1065,14
Rise,2025-09-20T03:45:00.000Z,375,14
Set,2025-09-20T15:35:00.000Z,1085,14
Rise,2025-09-21T03:25:00.000Z,355,14
Set,2025-09-21T15:25:00.000Z,1075,14
Rise,2025-09-22T03:55:00.000Z,385,14
Set,2025-09-22T14:45:00.000Z,1035,discard
Rise,2025-09-23T03:25:00.000Z,355,14
Set,2025-09-23T15:10:00.000Z,1060,14
Rise,2025-09-24T03:55:00.000Z,385,14
Set,2025-09-24T14:35:00.000Z,1025,discard
Rise,2025-09-25T03:50:00.000Z,380,14
Set,2025-09-25T15:00:00.000Z,1050,14
Rise,2025-09-26T03:50:00.000Z,380,14
Set,2025-09-26T15:20:00.000Z,1070,14
Rise,2025-09-27T03:40:00.000Z,370,14
Set,2025-09-27T15:15:00.000Z,1065,14
Rise,2025-09-28T03:30:00.000Z,360,14
Set,2025-09-28T15:30:00.000Z,1080,14
Rise,2025-09-29T03:35:00.000Z,365,14
Set,2025-09-29T14:40:00.000Z,1030,14
Rise,2025-09-30T03:40:00.000Z,370,14
Set,2025-09-30T15:00:00.000Z,1050,14
Rise,2025-10-01T03:30:00.000Z,360,14
Set,2025-10-01T15:05:00.000Z,1055,14
Rise,2025-10-02T03:20:00.000Z,350,14
Set,2025-10-02T14:45:00.000Z,1035,14
Rise,2025-10-03T03:25:00.000Z,355,14
Set,2025-10-03T15:10:00.000Z,1060,14
Rise,2025-10-04T03:20:00.000Z,350,14
Set,2025-10-04T15:10:00.000Z,1060,14
Rise,2025-10-05T03:35:00.000Z,365,14
Set,2025-10-05T15:00:00.000Z,1050,14
Rise,2025-10-06T03:30:00.000Z,360,14
Set,2025-10-06T14:55:00.000Z,1045,14
Rise,2025-10-07T03:10:00.000Z,340,14
Set,2025-10-07T14:45:00.000Z,1035,14
Rise,2025-10-08T03:25:00.000Z,355,14
Set,2025-10-08T15:20:00.000Z,1070,14
Rise,2025-10-09T03:20:00.000Z,350,14
Set,2025-10-09T14:55:00.000Z,1045,14
Rise,2025-10-10T03:30:00.000Z,360,14
Set,2025-10-10T15:15:00.000Z,1065,14
Rise,2025-10-11T03:35:00.000Z,365,14
Set,2025-10-11T15:05:00.000Z,1055,14
Rise,2025-10-12T03:25:00.000Z,355,14
Set,2025-10-12T15:20:00.000Z,1070,14
Rise,2025-10-13T03:25:00.000Z,355,14
Set,2025-10-13T15:15:00.000Z,1065,14
Rise,2025-10-14T03:25:00.000Z,355,14
Set,2025-10-14T15:05:00.000Z,1055,14
Rise,2025-10-15T03:40:00.000Z,370,14
Set,2025-10-15T15:15:00.000Z,1065,14
Rise,2025-10-16T03:15:00.000Z,345,14
Set,2025-10-16T14:10:00.000Z,1000,discard
Rise,2025-10-17T03:30:00.000Z,360,14
Set,2025-10-17T14:55:00.000Z,1045,14
Rise,2025-10-18T03:15:00.000Z,345,14
Set,2025-10-18T14:55:00.000Z,1045,14
Rise,2025-10-19T03:50:00.000Z,380,14
Set,2025-10-19T14:45:00.000Z,1035,14
Rise,2025-10-20T03:40:00.000Z,370,14
Set,2025-10-20T14:40:00.000Z,1030,14
Rise,2025-10-21T02:45:00.000Z,315,discard
Set,2025-10-21T14:30:00.000Z,1020,14
Rise,2025-10-22T03:25:00.000Z,355,14
Set,2025-10-22T14:30:00.000Z,1020,14
Rise,2025-10-23T03:25:00.000Z,355,14
Set,2025-10-23T15:10:00.000Z,1060,14
Rise,2025-10-24T03:30:00.000Z,360,14
Set,2025-10-24T14:50:00.000Z,1040,14
Rise,2025-10-25T03:35:00.000Z,365,14
Set,2025-10-25T14:55:00.000Z,1045,14
Rise,2025-10-26T03:20:00.000Z,350,14
Set,2025-10-26T15:10:00.000Z,1060,14
Rise,2025-10-27T03:00:00.000Z,330,14
Set,2025-10-27T15:05:00.000Z,1055,14
Rise,2025-10-28T03:00:00.000Z,330,14
Set,2025-10-28T14:35:00.000Z,1025,14
Rise,2025-10-29T02:55:00.000Z,325,14
Set,2025-10-29T14:35:00.000Z,1025,14
Rise,2025-10-30T04:25:00.000Z,415,discard
Set,2025-10-30T15:10:00.000Z,1060,14
Rise,2025-10-31T03:35:00.000Z,365,14
Set,2025-10-31T15:15:00.000Z,1065,14
Rise,2025-11-01T03:20:00.000Z,350,14
Set,2025-11-01T14:40:00.000Z,1030,14
Rise,2025-11-02T03:25:00.000Z,355,14
Set,2025-11-02T15:10:00.000Z,1060,14
Rise,2025-11-03T03:20:00.000Z,350,14
Set,2025-11-03T15:25:00.000Z,1075,14
Rise,2025-11-04T03:25:00.000Z,355,14
Set,2025-11-04T15:30:00.000Z,1080,14
Rise,2025-11-05T03:10:00.000Z,340,14
Set,2025-11-05T15:25:00.000Z,1075,14
